id,company_name
1,Metz and Sons
2,Metz Group
3,Kulas-Witting
4,Walker LLC
5,"Ankunding, Parisian and Nikolaus"
6,"Hilpert, Kerluke and Koelpin"
7,Murphy LLC
8,Hodkiewicz Inc
9,Mante-Ankunding
10,Kassulke Inc
11,"Collier, Goodwin and Leuschke"
12,Casper and Sons
13,Schowalter LLC
14,Lang-Becker
15,Moore and Sons
16,Runolfsson Inc
17,"Beahan, Effertz and Hermiston"
18,"Schumm, Hilll and Langosh"
19,Dooley-Halvorson
20,Koelpin LLC
21,Wehner LLC
22,Abshire and Sons
23,Gulgowski-Auer
24,Gibson-Stracke
25,"Hudson, Daniel and Klocko"
26,White-Bechtelar
27,Gusikowski-Sawayn
28,Langosh-Barton
29,Champlin Group
30,Crona-Funk
31,Yost-Pouros
32,Batz and Sons
33,Roob Group
34,"Mann, Goodwin and Ryan"
35,Becker-Berge
36,Botsford LLC
37,Hartmann-Bartoletti
38,Beahan-Dietrich
39,Bahringer and Sons
40,"Ferry, Von and Wisozk"
41,"Kuhlman, Sporer and Hauck"
42,Gutkowski-Altenwerth
43,Rice LLC
44,Tillman-Ullrich
45,Feil Inc
46,"Upton, Waters and Koch"
47,Runolfsson-Cronin
48,"Crooks, Kerluke and Keeling"
49,Herzog LLC
50,Kovacek-Lindgren
51,Durgan-Veum
52,"Okuneva, Bashirian and Ortiz"
53,Dietrich-Wuckert
54,Wehner and Sons
55,McKenzie-O'Kon
56,Erdman LLC
57,Miller and Sons
58,Reichel Inc
59,Hoeger and Sons
60,"Hyatt, Vandervort and Muller"
61,Altenwerth-Beatty
62,Robel Inc
63,Doyle and Sons
64,Lockman and Sons
65,"Kertzmann, Spencer and Runolfsdottir"
66,Stracke Group
67,Ryan-Walsh
68,"Lebsack, Sipes and Wintheiser"
69,Kovacek-Pfeffer
70,"Von, Dicki and Medhurst"
71,"Mohr, Crona and Hagenes"
72,"Fisher, Stracke and Hayes"
73,"D'Amore, Kilback and Grant"
74,Hilll-Ledner
75,Dibbert Inc
76,Shanahan-Pagac
77,"Halvorson, Schroeder and Turcotte"
78,Schmitt-Pagac
79,"Hegmann, Langworth and Metz"
80,"Powlowski, Bruen and Strosin"
81,Gorczany Inc
82,"Kiehn, Hauck and Denesik"
83,Schuster and Sons
84,Mante Group
85,Harris LLC
86,Jones-Graham
87,"Keeling, Nolan and Heathcote"
88,"Cummings, Stracke and Pacocha"
89,Emard-Kub
90,"Lang, Marks and Cartwright"
91,"Huel, Larson and Grimes"
92,Waters-Fisher
93,Vandervort-Walsh
94,Harris LLC
95,Hoeger-Wisozk
96,O'Reilly-Cartwright
97,White Group
98,O'Hara and Sons
99,"Nitzsche, Greenholt and McLaughlin"
100,"Doyle, Roob and Bergstrom"
